거래 유형,조건,전표 내용,발생 금액,시스템 자동화 수준,승인 프로세스
① 정상 매출확정,"배송 후 10일 경과, 반품 없음","Dr 미지급금 / Cr 매출환입
Dr 매출 / Cr 미지급금
Dr 부가세예수금 / Cr 부가세납부금","매출: 100,000
부가세: 10,000",자동 실행 (배치),배치 자동
② 정상반품 환입,"배송 후 10일 이내, 정상반품 승인","Dr 매출환입 / Cr 미지급금(환불)
Dr 부가세예수금 / Cr 부가세납부금
Dr 상품 / Cr 매출원가(재고복구)
Dr 반품운송료 / Cr 미지급금","환입: 100,000
부가세환입: 10,000
배송료: 5,000
재고: 80,000",자동 실행 (반품 승인 시),반품팀 승인 → 회계팀
③④ 하자반품 환입(폐기),"배송 후 7일 이내, 하자반품 승인, 폐기","Dr 매출환입 / Cr 미지급금(환불)
Dr 부가세예수금 / Cr 부가세납부금
Dr 재고평가손실 / Cr 매출원가(원가 제거)","환입: 100,000
부가세환입: 10,000
손실: 80,000(원가)",자동 실행 (QC_CONFIRMED 시),품질팀 검수 → 회계팀
④ 하자반품 환입(재고복구),"배송 후 7일 이내, 하자반품 승인, 재고복구","Dr 매출환입 / Cr 미지급금(환불)
Dr 부가세예수금 / Cr 부가세납부금
Dr 상품(평가절하) / Cr 매출원가(재고복구)
Dr 재고평가손실(차액) / Cr 매출원가","환입: 100,000
부가세환입: 10,000
재고: 50,000(평가절하)
손실: 30,000(폐기부분)",자동 실행 (QC_CONFIRMED 시),품질팀 검수 → 회계팀
⑤ 반품거부,하자반품 요청 거절(NO_DEFECT_FOUND),Dr 미지급금 역전 / Cr 매출 (추가 처리 없음),추가 처리 없음,자동 실행 (반품 거부 시),회계팀 자동
⑥ 교환,"배송 후 10일 이내, 교환 승인","Dr 매출환입 / Cr 미지급금(기존 환불)
Dr 매출 / Cr 미지급금(신규)
Dr 상품(신규) / Cr 매출원가(신규)
Dr 매출원가(기존) / Cr 상품(기존)","환입: 100,000
신규매출: 100,000
재고교체: 80,000",자동 실행 (교환 승인 시),교환팀 승인 → 회계팀
